phase,hash,nonce,blockNumber,transactionGasLimit,receiptGasUsed,stateGasUsed,executionGasUsedAfterRefund,stateGasPercent,exceedsEip7825ExecutionCapInTotal,executionWithinEip7825Cap,newAccounts,deployedCodeBytes,newStorageSlots,stateBytesCreated,costPerStateByte,blockGasUsed,blockTransactionCount,blockBottleneck,splitValidatedAgainstBlockGas
deploy-superchain-01,0xb8c0e378ebde39cd2f3ca46e233d69cca9088cbd3b30dd2ac3e7493c6c9f96d7,0,33,10488469,10404725,10263240,141485,98.64018510820804,False,True,1,6524,1,6708,1530,10263240,1,state,True
deploy-superchain-02,0x1f5ab9feaec6e33c269f8e334f22ca511a15a0762b76e3de6e3727f61063e954,1,34,5250726,5166384,5073480,92904,98.20175968336848,False,True,1,3132,1,3316,1530,5073480,1,state,True
deploy-superchain-03,0x98e25a07c7573244423d5b34eb943655d1dc83a3a8e9a3109007d0a19bb921ec,2,35,3535356,3506360,3431790,74570,97.87329310167809,False,True,1,2059,1,2243,1530,3431790,1,state,True
deploy-superchain-04,0x8cbcf3bd0e76cf0c3fae1c9987a5c2092da8872d013dc28be8ac5d0e31df2b96,3,36,264600,258166,195840,62326,75.85816877512919,False,True,0,0,2,128,1530,195840,1,state,True
deploy-superchain-05,0x8ff85601f1a2f9e14de869d14f95ed964ca7de604740de5eb8c705f6316817e1,4,37,20423,19762,0,19762,0.0,False,True,0,0,0,0,1530,19762,1,execution,True
deploy-implementations-01,0xf1636333db6a76f392676ab2b87661cd3d0356c41cde78c9c6b5cf4950e14100,5,38,20352854,20032541,19779840,252701,98.73854744637737,True,True,1,12680,2,12928,1530,19779840,1,state,True
deploy-implementations-02,0x354520c82e6a5cf694cf357980f5ddf2e8fd4a3da914d6b36560e609f7411cc6,6,39,15423316,15180027,14990940,189087,98.75436980448059,False,True,1,9614,1,9798,1530,14990940,1,state,True
deploy-implementations-03,0xc9bea2294a23a6c29a58a5d21ffbc042b3768cadf73f7bfaff35937b310a4bdc,7,40,10043341,9884114,9746100,138014,98.60367858970466,False,True,1,6186,1,6370,1530,9746100,1,state,True
deploy-implementations-04,0x0ddaf1e3a9ddf1fcd713f4c16fb367a5a9973e08eb2ab7ffcf5bcf0a37557e8e,8,41,20140841,19823841,19590120,233721,98.82101051960616,True,True,1,12620,1,12804,1530,19590120,1,state,True
deploy-implementations-05,0x2b8a869a94ef532e5c4535c6a1cdd22d64065a4f16e215ce051dce369f31442e,9,42,19013793,18714403,18496170,218233,98.83387677394785,True,True,1,11905,1,12089,1530,18496170,1,state,True
deploy-implementations-06,0x45a060b2ff59e437c0c820710940d3621a791ad7e372deff017922e63d1ea412,10,43,35357596,35078032,34697340,380692,98.91472816947085,True,True,1,22494,1,22678,1530,34697340,1,state,True
deploy-implementations-07,0xf0a60f61e02e9097ed1f0dd614c25d8f44cedccd91fe45496bc0fb11df11fcfa,11,44,8055878,7927705,7807590,120115,98.4848704637723,False,True,1,4919,1,5103,1530,7807590,1,state,True
deploy-implementations-08,0x3d7f602cbb6f612ad7ec22e655eb4455fdf55b70671fa9e171d99a21a88db211,12,45,9630135,9477365,9340650,136715,98.55745768998028,False,True,1,5921,1,6105,1530,9340650,1,state,True
deploy-implementations-09,0xe75edd8b022f21ff43eb07e2e6b41b4454804f83db50526b42afb5b13041c18a,13,46,24302185,23920164,23470200,449964,98.11889249588756,True,True,1,14260,15,15340,1530,23470200,1,state,True
deploy-implementations-10,0xce6b9ef3062e151c2c8d4b0158ff0e3ff63c8a9a4b3377338624672496e7200c,14,47,33672572,33406276,33028110,378166,98.86797917852323,True,True,1,21467,0,21587,1530,33028110,1,state,True
deploy-implementations-11,0x703bbcfdee660a5272a047fc11cebcb827fdc9f1bee3bf86bc5141652af4ba1d,15,48,12944998,12740433,12570480,169953,98.66603434906804,False,True,1,8032,1,8216,1530,12570480,1,state,True
deploy-implementations-12,0x5d8021010e127f54a5e2447c3742097218b7469d3e46fa9159434edadfd2fae3,16,49,11816126,11629200,11468880,160320,98.62140130017542,False,True,1,7312,1,7496,1530,11468880,1,state,True
deploy-implementations-13,0x9fba7b23a237febd8ae85f99e5b2fc354b239d4ebfeb609fb2c02b6ee6509aad,17,50,37319871,37024856,36625140,399716,98.92041173637516,True,True,1,23818,0,23938,1530,36625140,1,state,True
deploy-implementations-14,0xdc2dc491492c3af9a6a7dd3bfc85c549fd74ebb29ba245a6a548ad7da5d59a89,18,51,38067334,37766433,37359540,406893,98.9226067497558,True,True,1,24298,0,24418,1530,37359540,1,state,True
deploy-implementations-15,0x21bc1cf4a33502054c946233154270b79884f9247ed4b6ffe8677b2733a96f00,19,52,34180140,33909847,33540660,369187,98.91126904819123,True,True,1,21802,0,21922,1530,33540660,1,state,True
deploy-implementations-16,0x65790dbe69efd3e4c6ab6b5744d3c2f8a29bdd68d61de5a730afc39c64b663e9,20,53,7302627,7186224,7093080,93144,98.7038533727866,False,True,1,4516,0,4636,1530,7093080,1,state,True
deploy-implementations-17,0xcac7b6917823b805f2846fadfb50556e87db7a31f8d64e286247f68f1c2cd9cd,21,54,1991426,1958010,1912500,45510,97.67570134983988,False,True,1,1130,0,1250,1530,1912500,1,state,True
deploy-implementations-18,0xd9aef618c518392d3d6a4b9cfad38c88a0378c6f47c70c45e6d0b1f2c0fa8022,22,55,2804109,2757995,2705040,52955,98.07994575769717,False,True,1,1648,0,1768,1530,2705040,1,state,True
deploy-implementations-19,0xc07acfa91e47f277f1d0635da942ddcbb4ebab39c0073779ae7f57dad526e161,23,56,3888897,3825833,3760740,65093,98.29859275091202,False,True,1,2338,0,2458,1530,3760740,1,state,True
deploy-implementations-20,0x542028bdb63d11eb12a225ff716bc6eac19027af352c788b9595bd2cfa78454e,24,57,10820350,10648983,10517220,131763,98.76267057614798,False,True,1,6754,0,6874,1530,10517220,1,state,True
deploy-implementations-21,0x972ec165555249ff5a3830d52f4b13c1fe7efadcf11f039502cfdfa0052144de,25,58,4347638,4277407,4209030,68377,98.40143806750211,False,True,1,2631,0,2751,1530,4209030,1,state,True
deploy-implementations-22,0x097db4ae93ba3d2243f45c606819b4bd0cfa496046d48c54d9f7a8d5c45847cd,26,59,2608464,2565407,2513790,51617,97.98796058481169,False,True,1,1523,0,1643,1530,2513790,1,state,True
deploy-implementations-23,0x4703285deb415d5085890e1d2f5dbbb3b423ba7944217e16ca7a3dd9a55b55e8,27,60,4954501,4874787,4516560,358227,92.65143277029335,False,True,1,1424,22,2952,1530,4516560,1,state,True
deploy-implementations-24,0x8a42d8327783fa5d9bd7f6ebe4de5028b1ca38f2890fbae41d9f11f8eb97e7fa,28,61,28881768,28428191,28118340,309851,98.9100572737815,True,True,1,18258,0,18378,1530,28118340,1,state,True
deploy-implementations-25,0xb7b735e4e7f8bb21117db32b842ef1895896d906435dba6cf47c4843ddc88a3c,29,62,27212487,26784992,26491950,293042,98.90594703183037,True,True,1,17195,0,17315,1530,26491950,1,state,True
deploy-implementations-26,0xf50e43617ca6468a393207402f4754bbb6bd30696c5ef96b965dce2be41a5aa8,30,63,34008500,33739558,33083190,656368,98.05460403482464,True,True,1,20159,21,21623,1530,33083190,1,state,True
deploy-implementations-27,0xc708a86dead0f9f5e27de2e6ab432caaf5f6e3328d78d06e85342572b1b722c7,31,64,23452511,23083766,22826070,257696,98.88364836136357,True,True,1,14799,0,14919,1530,22826070,1,state,True
deploy-implementations-28,0xdfae32f26502d825cbaddf5ea6f1c5850ee5cc82cf2259178d95e9c507743341,32,65,22680627,22323943,22073310,250633,98.87729062916887,True,True,1,14307,0,14427,1530,22073310,1,state,True
deploy-implementations-29,0x6603ebee84d0c23576d38402453e15d80077e5aa4409a3394e10b77188607645,33,66,37829967,37530935,37123920,407015,98.91552128930441,True,True,1,24144,0,24264,1530,37123920,1,state,True
deploy-op-chain,0x112e5369299950cf31b03b105c613af74d35cf68bfb82a9fdc693cf856a2f639,34,67,55207152,54771292,52353540,2417752,95.58573129879792,True,True,12,27786,78,34218,1530,52353540,1,state,True
