chain,phase,description,hash,type,blockNumber,blockTimestamp,postAmsterdam,transactionIndex,nonce,from,to,valueWei,status,gasLimit,gasUsed,effectiveGasPriceWei,executionFeeWei,l1DataGasUsed,l1DataGasPriceWei,l1DataFeeWei,blobGasUsed,blobGasPriceWei,blobFeeWei,totalObservedFeeWei,inputSelector,note
L1,deploy-superchain-01,Deploy the Superchain ProxyAdmin,0xb8c0e378ebde39cd2f3ca46e233d69cca9088cbd3b30dd2ac3e7493c6c9f96d7,2,33,1787714574,True,0,0,0xf39fd6e51aad88f6f4ce6ab8827279cfffb92266,0x5fbdb2315678afecb367f032d93f642f64180aa3,0,1,10488469,10404725,1012197361,10531635186930725,0,0,0,0,0,0,10531635186930725,0x60806040,
L1,deploy-superchain-02,Deploy the SuperchainConfig implementation,0x1f5ab9feaec6e33c269f8e334f22ca511a15a0762b76e3de6e3727f61063e954,2,34,1787714586,True,0,1,0xf39fd6e51aad88f6f4ce6ab8827279cfffb92266,0x4e59b44847b379578588920ca78fbf26c0b4956c,0,1,5250726,5166384,1011195824,5224225925980416,0,0,0,0,0,0,5224225925980416,0x89fca235,
L1,deploy-superchain-03,Deploy the SuperchainConfig proxy,0x98e25a07c7573244423d5b34eb943655d1dc83a3a8e9a3109007d0a19bb921ec,2,35,1787714598,True,0,2,0xf39fd6e51aad88f6f4ce6ab8827279cfffb92266,0x9fe46736679d2d9a65f0992f2272de9f3c7fa6e0,0,1,3535356,3506360,1010033947,3541542630402920,0,0,0,0,0,0,3541542630402920,0x60806040,
L1,deploy-superchain-04,Upgrade and initialize the SuperchainConfig proxy,0x8cbcf3bd0e76cf0c3fae1c9987a5c2092da8872d013dc28be8ac5d0e31df2b96,2,36,1787714610,True,0,3,0xf39fd6e51aad88f6f4ce6ab8827279cfffb92266,0x5fbdb2315678afecb367f032d93f642f64180aa3,0,1,264600,258166,1008923883,260469843178578,0,0,0,0,0,0,260469843178578,0x9623609d,
L1,deploy-superchain-05,Transfer ownership of the Superchain ProxyAdmin,0x8ff85601f1a2f9e14de869d14f95ed964ca7de604740de5eb8c705f6316817e1,2,37,1787714622,True,0,4,0xf39fd6e51aad88f6f4ce6ab8827279cfffb92266,0x5fbdb2315678afecb367f032d93f642f64180aa3,0,1,20423,19762,1007815723,19916454317926,0,0,0,0,0,0,19916454317926,0xf2fde38b,
L1,deploy-implementations-01,Deploy the SystemConfig implementation,0xf1636333db6a76f392676ab2b87661cd3d0356c41cde78c9c6b5cf4950e14100,2,38,1787714634,True,0,5,0xf39fd6e51aad88f6f4ce6ab8827279cfffb92266,0x4e59b44847b379578588920ca78fbf26c0b4956c,0,1,20352854,20032541,1006839406,20169551681110646,0,0,0,0,0,0,20169551681110646,0x89fca235,
L1,deploy-implementations-02,Deploy the L1CrossDomainMessenger implementation,0x354520c82e6a5cf694cf357980f5ddf2e8fd4a3da914d6b36560e609f7411cc6,2,39,1787714646,True,0,6,0xf39fd6e51aad88f6f4ce6ab8827279cfffb92266,0x4e59b44847b379578588920ca78fbf26c0b4956c,0,1,15423316,15180027,1006552580,15279495341319660,0,0,0,0,0,0,15279495341319660,0x89fca235,
L1,deploy-implementations-03,Deploy the L1ERC721Bridge implementation,0xc9bea2294a23a6c29a58a5d21ffbc042b3768cadf73f7bfaff35937b310a4bdc,2,40,1787714658,True,0,7,0xf39fd6e51aad88f6f4ce6ab8827279cfffb92266,0x4e59b44847b379578588920ca78fbf26c0b4956c,0,1,10043341,9884114,1006146412,9944865836898968,0,0,0,0,0,0,9944865836898968,0x89fca235,
L1,deploy-implementations-04,Deploy the L1StandardBridge implementation,0x0ddaf1e3a9ddf1fcd713f4c16fb367a5a9973e08eb2ab7ffcf5bcf0a37557e8e,2,41,1787714670,True,0,8,0xf39fd6e51aad88f6f4ce6ab8827279cfffb92266,0x4e59b44847b379578588920ca78fbf26c0b4956c,0,1,20140841,19823841,1005630160,19935452396644560,0,0,0,0,0,0,19935452396644560,0x89fca235,
L1,deploy-implementations-05,Deploy the OptimismMintableERC20Factory implementation,0x2b8a869a94ef532e5c4535c6a1cdd22d64065a4f16e215ce051dce369f31442e,2,42,1787714682,True,0,9,0xf39fd6e51aad88f6f4ce6ab8827279cfffb92266,0x4e59b44847b379578588920ca78fbf26c0b4956c,0,1,19013793,18714403,1005390921,18815290868135163,0,0,0,0,0,0,18815290868135163,0x89fca235,
L1,deploy-implementations-06,Deploy the OptimismPortal2 implementation,0x45a060b2ff59e437c0c820710940d3621a791ad7e372deff017922e63d1ea412,2,43,1787714694,True,0,10,0xf39fd6e51aad88f6f4ce6ab8827279cfffb92266,0x4e59b44847b379578588920ca78fbf26c0b4956c,0,1,35357596,35078032,1005137420,35258242583157440,0,0,0,0,0,0,35258242583157440,0x89fca235,
L1,deploy-implementations-07,Deploy the ETHLockbox implementation,0xf0a60f61e02e9097ed1f0dd614c25d8f44cedccd91fe45496bc0fb11df11fcfa,2,44,1787714706,True,0,11,0xf39fd6e51aad88f6f4ce6ab8827279cfffb92266,0x4e59b44847b379578588920ca78fbf26c0b4956c,0,1,8055878,7927705,1005247464,7969305346590120,0,0,0,0,0,0,7969305346590120,0x89fca235,
L1,deploy-implementations-08,Deploy the DelayedWETH implementation,0x3d7f602cbb6f612ad7ec22e655eb4455fdf55b70671fa9e171d99a21a88db211,2,45,1787714718,True,0,12,0xf39fd6e51aad88f6f4ce6ab8827279cfffb92266,0x4e59b44847b379578588920ca78fbf26c0b4956c,0,1,9630135,9477365,1004764591,9522520767982715,0,0,0,0,0,0,9522520767982715,0x89fca235,
L1,deploy-implementations-09,Deploy the PreimageOracle singleton,0xe75edd8b022f21ff43eb07e2e6b41b4454804f83db50526b42afb5b13041c18a,2,46,1787714730,True,0,13,0xf39fd6e51aad88f6f4ce6ab8827279cfffb92266,0x4e59b44847b379578588920ca78fbf26c0b4956c,0,1,24302185,23920164,1004357190,24024388699379160,0,0,0,0,0,0,24024388699379160,0x89fca235,
L1,deploy-implementations-10,Deploy the MIPS64 singleton,0xce6b9ef3062e151c2c8d4b0158ff0e3ff63c8a9a4b3377338624672496e7200c,2,47,1787714742,True,0,14,0xf39fd6e51aad88f6f4ce6ab8827279cfffb92266,0x4e59b44847b379578588920ca78fbf26c0b4956c,0,1,33672572,33406276,1004245355,33548097500847980,0,0,0,0,0,0,33548097500847980,0x89fca235,
L1,deploy-implementations-11,Deploy the DisputeGameFactory implementation,0x703bbcfdee660a5272a047fc11cebcb827fdc9f1bee3bf86bc5141652af4ba1d,2,48,1787714754,True,0,15,0xf39fd6e51aad88f6f4ce6ab8827279cfffb92266,0x4e59b44847b379578588920ca78fbf26c0b4956c,0,1,12944998,12740433,1004308703,12795327741888399,0,0,0,0,0,0,12795327741888399,0x89fca235,
L1,deploy-implementations-12,Deploy the AnchorStateRegistry implementation,0x5d8021010e127f54a5e2447c3742097218b7469d3e46fa9159434edadfd2fae3,2,49,1787714766,True,0,16,0xf39fd6e51aad88f6f4ce6ab8827279cfffb92266,0x4e59b44847b379578588920ca78fbf26c0b4956c,0,1,11816126,11629200,1003999796,11675714427643200,0,0,0,0,0,0,11675714427643200,0x89fca235,
L1,deploy-implementations-13,Deploy the FaultDisputeGame implementation,0x9fba7b23a237febd8ae85f99e5b2fc354b239d4ebfeb609fb2c02b6ee6509aad,2,50,1787714778,True,0,17,0xf39fd6e51aad88f6f4ce6ab8827279cfffb92266,0x4e59b44847b379578588920ca78fbf26c0b4956c,0,1,37319871,37024856,1003694542,37161645885535952,0,0,0,0,0,0,37161645885535952,0x89fca235,
L1,deploy-implementations-14,Deploy the PermissionedDisputeGame implementation,0xdc2dc491492c3af9a6a7dd3bfc85c549fd74ebb29ba245a6a548ad7da5d59a89,2,51,1787714790,True,0,18,0xf39fd6e51aad88f6f4ce6ab8827279cfffb92266,0x4e59b44847b379578588920ca78fbf26c0b4956c,0,1,38067334,37766433,1003807654,37910234509678182,0,0,0,0,0,0,37910234509678182,0x89fca235,
L1,deploy-implementations-15,Deploy the SuperFaultDisputeGame implementation,0x21bc1cf4a33502054c946233154270b79884f9247ed4b6ffe8677b2733a96f00,2,52,1787714802,True,0,19,0xf39fd6e51aad88f6f4ce6ab8827279cfffb92266,0x4e59b44847b379578588920ca78fbf26c0b4956c,0,1,34180140,33909847,1003936701,34043339928594747,0,0,0,0,0,0,34043339928594747,0x89fca235,
L1,deploy-implementations-16,Deploy the SuperPermissionedDisputeGame implementation,0x65790dbe69efd3e4c6ab6b5744d3c2f8a29bdd68d61de5a730afc39c64b663e9,2,53,1787714814,True,0,20,0xf39fd6e51aad88f6f4ce6ab8827279cfffb92266,0x4e59b44847b379578588920ca78fbf26c0b4956c,0,1,7302627,7186224,1004006731,7215017266473744,0,0,0,0,0,0,7215017266473744,0x89fca235,
L1,deploy-implementations-17,Deploy the StorageSetter upgrade helper,0xcac7b6917823b805f2846fadfb50556e87db7a31f8d64e286247f68f1c2cd9cd,2,54,1787714826,True,0,21,0xf39fd6e51aad88f6f4ce6ab8827279cfffb92266,0x4e59b44847b379578588920ca78fbf26c0b4956c,0,1,1991426,1958010,1003626998,1965111698353980,0,0,0,0,0,0,1965111698353980,0x89fca235,
L1,deploy-implementations-18,Deploy the ERC-5202 AddressManager blueprint,0xd9aef618c518392d3d6a4b9cfad38c88a0378c6f47c70c45e6d0b1f2c0fa8022,2,55,1787714838,True,0,22,0xf39fd6e51aad88f6f4ce6ab8827279cfffb92266,0x4e59b44847b379578588920ca78fbf26c0b4956c,0,1,2804109,2757995,1003203212,2766829442679940,0,0,0,0,0,0,2766829442679940,0x89fca235,
L1,deploy-implementations-19,Deploy the ERC-5202 Proxy blueprint,0xc07acfa91e47f277f1d0635da942ddcbb4ebab39c0073779ae7f57dad526e161,2,56,1787714850,True,0,23,0xf39fd6e51aad88f6f4ce6ab8827279cfffb92266,0x4e59b44847b379578588920ca78fbf26c0b4956c,0,1,3888897,3825833,1002839807,3836697627334231,0,0,0,0,0,0,3836697627334231,0x89fca235,
L1,deploy-implementations-20,Deploy the ERC-5202 ProxyAdmin blueprint,0x542028bdb63d11eb12a225ff716bc6eac19027af352c788b9595bd2cfa78454e,2,57,1787714862,True,0,24,0xf39fd6e51aad88f6f4ce6ab8827279cfffb92266,0x4e59b44847b379578588920ca78fbf26c0b4956c,0,1,10820350,10648983,1002530476,10675929995905908,0,0,0,0,0,0,10675929995905908,0x89fca235,
L1,deploy-implementations-21,Deploy the ERC-5202 L1ChugSplashProxy blueprint,0x972ec165555249ff5a3830d52f4b13c1fe7efadcf11f039502cfdfa0052144de,2,58,1787714874,True,0,25,0xf39fd6e51aad88f6f4ce6ab8827279cfffb92266,0x4e59b44847b379578588920ca78fbf26c0b4956c,0,1,4347638,4277407,1002328021,4287364893321547,0,0,0,0,0,0,4287364893321547,0x89fca235,
L1,deploy-implementations-22,Deploy the ERC-5202 ResolvedDelegateProxy blueprint,0x097db4ae93ba3d2243f45c606819b4bd0cfa496046d48c54d9f7a8d5c45847cd,2,59,1787714886,True,0,26,0xf39fd6e51aad88f6f4ce6ab8827279cfffb92266,0x4e59b44847b379578588920ca78fbf26c0b4956c,0,1,2608464,2565407,1002078979,2570740427279453,0,0,0,0,0,0,2570740427279453,0x89fca235,
L1,deploy-implementations-23,Deploy the OPContractsManagerContainer release catalog,0x4703285deb415d5085890e1d2f5dbbb3b423ba7944217e16ca7a3dd9a55b55e8,2,60,1787714898,True,0,27,0xf39fd6e51aad88f6f4ce6ab8827279cfffb92266,0x4e59b44847b379578588920ca78fbf26c0b4956c,0,1,4954501,4874787,1001841508,4883763959258796,0,0,0,0,0,0,4883763959258796,0x89fca235,
L1,deploy-implementations-24,Deploy StandardValidatorUtils,0x8a42d8327783fa5d9bd7f6ebe4de5028b1ca38f2890fbae41d9f11f8eb97e7fa,2,61,1787714910,True,0,28,0xf39fd6e51aad88f6f4ce6ab8827279cfffb92266,0x4e59b44847b379578588920ca78fbf26c0b4956c,0,1,28881768,28428191,1001647006,28475012401146146,0,0,0,0,0,0,28475012401146146,0x89fca235,
L1,deploy-implementations-25,Deploy OPContractsManagerMigrationValidator,0xb7b735e4e7f8bb21117db32b842ef1895896d906435dba6cf47c4843ddc88a3c,2,62,1787714922,True,0,29,0xf39fd6e51aad88f6f4ce6ab8827279cfffb92266,0x4e59b44847b379578588920ca78fbf26c0b4956c,0,1,27212487,26784992,1001640027,26828920110074784,0,0,0,0,0,0,26828920110074784,0x89fca235,
L1,deploy-implementations-26,Deploy OPContractsManagerStandardValidator,0xf50e43617ca6468a393207402f4754bbb6bd30696c5ef96b965dce2be41a5aa8,2,63,1787714934,True,0,30,0xf39fd6e51aad88f6f4ce6ab8827279cfffb92266,0x4e59b44847b379578588920ca78fbf26c0b4956c,0,1,34008500,33739558,1001621805,33794276983862190,0,0,0,0,0,0,33794276983862190,0x89fca235,
L1,deploy-implementations-27,Deploy OPContractsManagerUtils,0xc708a86dead0f9f5e27de2e6ab432caaf5f6e3328d78d06e85342572b1b722c7,2,64,1787714946,True,0,31,0xf39fd6e51aad88f6f4ce6ab8827279cfffb92266,0x4e59b44847b379578588920ca78fbf26c0b4956c,0,1,23452511,23083766,1001649514,23121842995189724,0,0,0,0,0,0,23121842995189724,0x89fca235,
L1,deploy-implementations-28,Deploy OPContractsManagerMigrator,0xdfae32f26502d825cbaddf5ea6f1c5850ee5cc82cf2259178d95e9c507743341,2,65,1787714958,True,0,32,0xf39fd6e51aad88f6f4ce6ab8827279cfffb92266,0x4e59b44847b379578588920ca78fbf26c0b4956c,0,1,22680627,22323943,1001604875,22359770138022125,0,0,0,0,0,0,22359770138022125,0x89fca235,
L1,deploy-implementations-29,Deploy OPContractsManagerV2,0x6603ebee84d0c23576d38402453e15d80077e5aa4409a3394e10b77188607645,2,66,1787714970,True,0,33,0xf39fd6e51aad88f6f4ce6ab8827279cfffb92266,0x4e59b44847b379578588920ca78fbf26c0b4956c,0,1,37829967,37530935,1001556112,37589337338324720,0,0,0,0,0,0,37589337338324720,0x89fca235,
L1,deploy-op-chain,Deploy and initialize the chain-specific L1 contracts through OPContractsManagerV2,0x112e5369299950cf31b03b105c613af74d35cf68bfb82a9fdc693cf856a2f639,2,67,1787714982,True,0,34,0xf39fd6e51aad88f6f4ce6ab8827279cfffb92266,0x4e38c4d34e9aff0027ee0bafba2a694ab805f123,0,1,55207152,54771292,1001608978,54859417803859576,0,0,0,0,0,0,54859417803859576,0xd576c5a0,
L1,setup-fund-sequencer,Fund the sequencer account on L1,0x85de282623685d12f2a60bba2dcee6bd4c99998ce8406d5cc9aec5bb9159fd47,2,68,1787714994,True,0,35,0xf39fd6e51aad88f6f4ce6ab8827279cfffb92266,0x70997970c51812dc3a010c7d01b50e0d17dc79c8,100000000000000000000,1,21000,21000,1001768221,21037132641000,0,0,0,0,0,0,21037132641000,0x,
L1,setup-fund-batcher,Fund the batcher account on L1,0x8722801ec2bdd8081201a70bceb37935bacd534541a12b71881316cf260967cb,2,69,1787715006,True,0,36,0xf39fd6e51aad88f6f4ce6ab8827279cfffb92266,0x3c44cdddb6a900fa2b585dd299e03d12fa4293bc,100000000000000000000,1,21000,21000,1001547353,21032494413000,0,0,0,0,0,0,21032494413000,0x,
L1,deposit-l1-portal,Deposit ETH through the L1 OptimismPortal,0xe94e457232b05ce0746b749174b4cfa61f3c50002b986cffcdf2bd867fef45c3,2,79,1787715126,True,0,37,0xf39fd6e51aad88f6f4ce6ab8827279cfffb92266,0x2d68d00be00bb23434f39c75ab2523c792c6c2c2,1000000000000000000,1,131229,129038,1000407293,129090556274134,0,0,0,0,0,0,129090556274134,0xe9e05c42,
L2,deposit-l2-derived,Execute the L2 deposit derived from the L1 portal deposit,0xd98c35d7052e2a5e2f31b891b0e9f2c5d610f64eda37c394319e0eed223ace0d,126,197,1787715179,True,1,0,0xf39fd6e51aad88f6f4ce6ab8827279cfffb92266,0xe05fcc23807536bee418f142d19fa0d21bb0cff7,1000000000000000000,1,100000,21000,0,0,1600,407293,0,40000,0,0,0,0x,
L2,l2-transfer-1,Transfer ETH on L2 (transfer 1),0x4c89c630bdc0f4e56202aa6ea300204b2e3766d30938546c7c23be125f416d8b,2,217,1787715199,True,1,0,0xe05fcc23807536bee418f142d19fa0d21bb0cff7,0x000000000000000000000000000000000000beef,10000000000000000,1,21000,21000,420786148,8836509108000,1600,356630,780671,40000,0,0,8836509888671,0x,
L2,l2-transfer-2,Transfer ETH on L2 (transfer 2),0x4188ae7fc9bcd8290f23b8b3cd9d2bf4f8e6c24852e9d28d27f788382a86a707,2,219,1787715201,True,1,1,0xe05fcc23807536bee418f142d19fa0d21bb0cff7,0x000000000000000000000000000000000000cafe,20000000000000000,1,21000,21000,417445585,8766357285000,1600,356630,780671,40000,0,0,8766358065671,0x,
L2,l2-transfer-3,Transfer ETH on L2 (transfer 3),0x509c8ff196ca9529a535c0f3103da6016a68509388f9db24e0528211d5bf2f8a,2,221,1787715203,True,1,2,0xe05fcc23807536bee418f142d19fa0d21bb0cff7,0x000000000000000000000000000000000000d00d,30000000000000000,1,21000,21000,414131542,8696762382000,1600,312074,683147,40000,0,0,8696763065147,0x,
L2,withdrawal-l2-standard-bridge,Initiate an ETH withdrawal through the L2StandardBridge,0x54245639144ee1eb69e6afb38437936435c722886b77d66c444414c6df33ce0c,2,223,1787715205,True,1,3,0xe05fcc23807536bee418f142d19fa0d21bb0cff7,0x4200000000000000000000000000000000000010,100000000000000000,1,165481,158213,410845193,65001050520109,1600,312074,683147,40000,0,0,65001051203256,0xe11013dd,
L1,batch-submit-l2-194-205,Submit L2 blocks 194–205 to L1 as a blob batch,0x4cac79b66d2ca5747ebb24e9b28bdedafe71bcd204939f11ca894d2a2bb8cb15,3,85,1787715198,True,0,12,0x3c44cdddb6a900fa2b585dd299e03d12fa4293bc,0x00179d26b3633af7f1e2e247c2a608a7c6cbc05c,0,1,21000,15000,1000182987,15002744805000,0,0,0,131072,1,131072,15002744936072,0x,supports lifecycle L2 transaction finalization
L1,batch-submit-l2-206-218,Submit L2 blocks 206–218 to L1 as a blob batch,0x2d1bac2ea72c9ac43d1c1d9a2d962772b27a17c2e8024fa9135b4cd6808b5b83,3,86,1787715210,True,0,13,0x3c44cdddb6a900fa2b585dd299e03d12fa4293bc,0x00179d26b3633af7f1e2e247c2a608a7c6cbc05c,0,1,21000,15000,1000160126,15002401890000,0,0,0,131072,1,131072,15002402021072,0x,supports lifecycle L2 transaction finalization
L1,batch-submit-l2-219-230,Submit L2 blocks 219–230 to L1 as a blob batch,0xbd8d6f9dff947038959632b73d382084bd3d48fd803296b0c703dc9d834edfcb,3,87,1787715222,True,0,14,0x3c44cdddb6a900fa2b585dd299e03d12fa4293bc,0x00179d26b3633af7f1e2e247c2a608a7c6cbc05c,0,1,21000,15000,1000140121,15002101815000,0,0,0,131072,1,131072,15002101946072,0x,supports lifecycle L2 transaction finalization
